generation,best_score,fitness_mean,fitness_std
0,10.398725479422708,-3.954333693886921,4.392744615023725
