generation,best_score,fitness_mean,fitness_std
0,39.91499082640726,-4.028967676567519,6.679954977699738
1,40.371047560111464,-1.706344334594637,10.669798771978485
2,47.97541035931389,1.9491742084877797,12.715277081099755
3,35.52236329843335,0.1353158322149738,10.698553376725645
4,54.258122006079645,6.329382669668657,16.06095894081868
5,55.95753202877906,7.308174797845135,15.748972248728807
