generation,best_score,fitness_mean,fitness_std
0,23.049598284142956,-4.018272446438215,5.7766513474190635
1,32.26158998676412,7.317941068603632,11.21194344497376
2,23.625940034249396,4.273067651148336,11.302235266972477
3,25.580620005234003,11.39333715522705,9.733150418062891
4,25.63180873976818,12.917294780160395,10.418255473265251
5,23.552010886486265,10.549467508540221,6.938121864570356
6,25.844004036734635,15.354331966623533,6.932140329996733
7,30.449740156667513,17.697397245603025,7.933502220042829
