generation,best_score,fitness_mean,fitness_std
0,21.102846132363258,-2.7745485001629633,6.6368699762596775
1,49.16371809304853,6.970137264981678,11.494717969769756
