generation,best_score,fitness_mean,fitness_std
0,20.351464250886494,-4.3008011201897896,4.343209529415275
1,20.34282714877248,-2.010518919556245,6.504038257142096
