generation,best_score,fitness_mean,fitness_std
0,57.601837298482245,-1.9410158512737963,8.494848359833558
