generation,best_score,fitness_mean,fitness_std
0,21.95657488308075,-3.438967471516702,6.202911094304879
1,22.087345114263943,8.581399337482441,9.31266218989333
