generation,best_score,fitness_mean,fitness_std
0,65.25124045250831,-1.976637636776649,9.93472356084584
1,87.75837773219352,-3.920137003304516,11.415215493482478
