generation,best_score,fitness_mean,fitness_std
0,20.081801819568526,-2.807457877313533,6.598919414816537
1,27.48714997219178,5.95062991822996,10.888189737922755
