generation,best_score,fitness_mean,fitness_std
0,12.601837298482247,-2.8247494956405896,4.688975574987942
