generation,best_score,fitness_mean,fitness_std
0,-70.0,-96.2,8.919641248391104
1,-30.0,-84.4,15.512575543732254
2,-30.0,-77.6,16.8
3,-30.0,-69.0,20.904544960366874
