generation,best_score,fitness_mean,fitness_std
0,4.203569680599017,-5.907616565223964,2.3605733420681916
1,9.257996161477848,-4.908786975739472,3.6223919327710936
2,21.23036663728959,-3.791029520782872,6.91820028129438
3,12.6258900592127,-5.064331241117584,4.548421229842555
4,3.03785684730071,-5.257474624504634,2.5542756212898423
5,5.204066543787594,-4.679246860666543,3.6699350831423736
6,9.956362188479645,-5.059102672251497,3.834664409836659
7,12.147664570461032,-3.463340436332857,4.847026534346643
