generation,best_score,fitness_mean,fitness_std
0,11.37224472101787,-3.4767539520230106,4.470973367638308
1,21.333573311887573,0.5252441952216743,8.40335458671393
