generation,best_score,fitness_mean,fitness_std
0,19.8031843845214,-1.9261091058727284,7.208315141364173
1,20.683380447419992,7.085290508715188,9.746931173265063
