generation,best_score,fitness_mean,fitness_std
0,28.952244721017877,-2.6487020805827552,7.290464890150316
1,87.78668156671965,14.882461546044258,26.14288427918751
