generation,best_score,fitness_mean,fitness_std
0,21.956574883080755,-3.4558139862182347,6.271366464933177
1,12.113895968549842,-5.442505340769014,2.385358134396108
