generation,best_score,fitness_mean,fitness_std
0,25.412871910946073,-0.8475737087665269,9.382352266316202
1,41.35665551436809,10.791772896971793,12.777981961674103
