generation,best_score,fitness_mean,fitness_std
0,56.163373519052115,-0.6802309249836308,12.860390983653458
