generation,best_score,fitness_mean,fitness_std
0,65.45321458923948,-2.324197101687045,12.897668594753835
