generation,best_score,fitness_mean,fitness_std
0,21.601837298482245,-3.193726111469604,6.149521219007568
1,22.002787726235894,4.3579625037259015,9.728296447293904
