generation,best_score,fitness_mean,fitness_std
0,1.876599887077779,-5.588338503239107,1.9471944495256202
1,20.834804803859274,0.7885559819590898,8.204496503153145
