generation,best_score,fitness_mean,fitness_std
0,22.118233090168786,-4.663035594275652,4.5459966548780555
