generation,best_score,fitness_mean,fitness_std
0,83.68806444416042,-2.140220033805213,16.10900720487435
