generation,best_score,fitness_mean,fitness_std
0,21.752975927839515,-3.375270072023578,5.462416989310061
