generation,best_score,fitness_mean,fitness_std
0,12.774253326286798,-2.3750026244948534,5.80719965676139
