generation,best_score,fitness_mean,fitness_std
0,22.00278772623589,-0.8351021486457267,8.815236221799776
1,20.710284429091004,-2.2293727392125815,6.334047818461536
