generation,best_score,fitness_mean,fitness_std
0,26.630552363383792,-2.233024304374191,7.570657568737235
1,40.02719952969602,9.900837172461857,13.205643451349468
