generation,best_score,fitness_mean,fitness_std
0,21.956574883080755,-1.6203661132417315,7.699649541803466
