generation,best_score,fitness_mean,fitness_std
0,31.73171943832039,-0.014866847383658429,10.463937412458073
1,32.243176738237196,5.557461893945061,11.602319927747383
