generation,best_score,fitness_mean,fitness_std
0,91.51655240703899,15.679162287428975,32.443385287387486
1,93.64784596782225,39.43105063646917,39.49975656408886
2,93.64784596782225,57.25289941450757,38.7634899950868
3,93.64784596782225,65.07990464534454,32.97543890772138
4,94.07598249381266,75.26199018803165,28.069221046667586
5,94.39719807741363,76.5580266041451,27.196391157964513
