generation,best_score,fitness_mean,fitness_std
0,20.80355587220548,-2.120655024033716,7.612913668866056
1,87.49935834262664,16.70452576838682,25.009951450828293
