generation,best_score,fitness_mean,fitness_std
0,34.18263773145984,-3.1617177598904522,8.394189664814885
1,41.8493677065936,10.414247112310129,13.875130245348627
