generation,best_score,fitness_mean,fitness_std
0,17.090526562279948,-2.1380755140491146,7.429694075515327
