generation,best_score,fitness_mean,fitness_std
0,13.152213905158138,-4.140588637228327,4.82147965957897
1,49.28290809123263,-5.949209035258295,10.641710227245666
2,26.422027500628396,-5.185505817299045,5.877294771613377
3,5.533953009839457,-5.703973318373132,2.4873593095663327
4,11.831857438911513,-5.894615303214814,3.3398972081466987
5,16.63478553814153,-5.548899488874307,4.15535247611883
6,7.729391076628886,-5.693451904020066,3.4404820867954142
7,20.300742315957315,11.135744746381734,7.669825438892865
