generation,best_score,fitness_mean,fitness_std
0,5.6953322053619715,-5.007027004464744,2.8726069247932258
1,44.89921923165359,-0.8209395180739067,12.411909197421958
2,44.89921923165359,1.4047580975148501,10.816610250877465
3,44.955779831832174,-0.15281289023766031,11.263170394786046
4,31.197432039917484,6.585692348992315,11.080919269922283
5,42.668776035522534,6.60227540772824,15.027045272068131
6,47.7733884523336,6.594745848734923,14.997244469918009
7,44.975788367900954,9.916026891831418,16.686062138073552
