generation,best_score,fitness_mean,fitness_std
0,14.924479164103216,-4.347252987125585,4.124993471104776
1,23.466512345654802,3.18704211673047,9.04765819597454
