generation,best_score,fitness_mean,fitness_std
0,13.796134315357275,-3.5651254283022475,4.794113607773366
