generation,best_score,fitness_mean,fitness_std
0,20.221259145846595,-2.512818530176786,6.596881375434879
