generation,best_score,fitness_mean,fitness_std
0,19.97227235733763,-4.028801165182703,5.271333166019465
1,27.010560208177743,5.872149761673712,8.74925188343192
