generation,best_score,fitness_mean,fitness_std
0,5.6270092596612145,-4.871750183755746,3.229697626627169
1,8.480214104613609,-3.5235317083965265,4.815223172780883
2,23.850682630495847,0.01244209491132627,8.64830149002544
3,22.97653555118404,2.835161569227609,8.454628783423848
4,30.961476398465006,4.789147441358072,11.152139886327051
5,36.349329542403765,6.759841123141412,12.940833247701978
6,40.92060835901888,5.511270663559936,11.298116942844821
7,53.9826915541628,10.371555231885713,18.326760902132907
