generation,best_score,fitness_mean,fitness_std
0,9.544854832759015,-4.86181847265136,3.2180109964043146
1,19.94616451878785,-5.665192300087112,3.8507786957153227
