generation,best_score,fitness_mean,fitness_std
0,10.547111728634516,-4.509771692724205,3.650653296634151
