generation,best_score,fitness_mean,fitness_std
0,41.99318923207571,1.2472213643006813,13.016268466143092
1,27.112499258764224,6.637880882098897,10.70258012474539
2,20.979934418766476,2.7528040443056074,8.081366461190589
3,27.457815824993858,1.8716121470619858,10.54580026115335
4,34.66570014919622,11.901602715702479,11.26867004441598
5,31.540755955743993,11.44290582800261,9.046537999203963
6,34.44167353723435,5.467834900239043,7.911328150040725
7,21.52393455406561,6.200172057755098,9.697321661997096
