generation,best_score,fitness_mean,fitness_std
0,29.367200283332835,-3.800911068925784,8.025100955005678
1,67.31025886524098,14.826714382899224,29.015680306547978
2,67.28206323667452,8.918879623571963,20.71812632551631
3,51.40915924837565,1.1339660252354962,12.424196616004899
4,16.993865447884545,-0.8328493055536461,8.028760109307502
5,13.35345391235564,-3.686253732730226,6.085054745752554
6,77.21487251529416,12.447379482576212,26.56907246083808
7,70.62946256809455,9.761847650620444,23.952703364989727
