generation,best_score,fitness_mean,fitness_std
0,66.22544845445559,-0.4208666413111326,14.166318212012909
