generation,best_score,fitness_mean,fitness_std
0,19.883950872122668,-2.6602372121247035,7.460140084338563
1,19.96720589637593,-5.086873554964894,4.67683617312242
