generation,best_score,fitness_mean,fitness_std
0,14.271755589634699,-3.91123591415887,4.254326678854768
1,25.636684624831037,0.7582486852725059,7.957814770257351
