generation,best_score,fitness_mean,fitness_std
0,39.45752272322096,-1.5920408110596067,9.870830572425602
1,64.66400495801331,2.6362756158845855,13.489966718586269
2,39.45958458710665,6.984847214370459,10.855961420393706
3,67.48217597531702,9.236273506780616,14.29303590688697
4,64.66400495801331,11.30333631304101,13.955998026115054
5,39.45958458710665,10.160809313686315,12.27301069130362
6,67.48217597531702,8.103172720069136,14.997029577642149
7,67.48217597531702,11.944369899470642,16.30316800276008
