generation,best_score,fitness_mean,fitness_std
0,28.023619161736306,-3.739903618252481,5.608946785435163
