generation,best_score,fitness_mean,fitness_std
0,57.16226955283406,-0.515129315954637,11.359600822772048
