generation,best_score,fitness_mean,fitness_std
0,51.43877382850117,-3.946153999333457,8.530374024844066
