generation,best_score,fitness_mean,fitness_std
0,20.11568769925254,-2.8387432597518956,7.123250333472519
1,11.140246685125426,-5.607411350834413,3.3587545284890767
