generation,best_score,fitness_mean,fitness_std
0,3.950143992750462,-5.341430395549532,1.782384769883594
1,22.00278772623589,5.226504651316222,8.877442258557187
