generation,best_score,fitness_mean,fitness_std
0,20.19758266012908,-1.6464418828272165,8.913733945180283
1,41.84988801371176,-5.117302780836406,8.899068717313188
