generation,best_score,fitness_mean,fitness_std
0,21.249046212742762,-3.3020301663510288,6.560541110786488
1,31.03642114949763,3.061962862084257,10.069436469590668
2,40.27611294164748,5.23992386431333,10.60326562887708
3,45.04716750787213,12.75548227179187,12.611423864293961
4,33.03216636302963,6.12716224766548,8.645638968985532
5,45.06673797121597,8.349505361668855,13.07765509797154
6,40.301961293442794,5.921444368050715,13.01447667094507
7,40.3060690744925,9.4001431256376,9.83073018635569
