generation,best_score,fitness_mean,fitness_std
0,58.78158871991829,1.2854293692307315,13.682091626152198
1,44.3890122438105,-4.474819408355017,9.162034300061613
2,37.19926982460093,-5.418979090279541,7.94924960229146
3,37.16319034520122,-4.549524034903197,8.319095841497038
