generation,best_score,fitness_mean,fitness_std
0,57.16226955283406,-1.4457422944369331,13.139359223961147
