generation,best_score,fitness_mean,fitness_std
0,34.617297009144025,-0.9240045892183503,10.32512610366384
1,34.973133620209,8.423458146858785,11.165396671667773
