generation,best_score,fitness_mean,fitness_std
0,19.046678644778755,-2.206309819576502,6.751990816055916
1,9.4835337333216,-3.3947422371537725,4.715163261731354
2,23.62205032480083,-0.5302124803293505,8.430013649517988
3,20.095342025600743,-2.4404155449952403,5.864093381364083
4,14.464383059945321,-1.0053578183790743,6.427421363956909
5,24.855765765134624,-1.6544371188857132,7.627606034498899
6,7.721532396935348,-3.7236643857121066,3.958123793381353
7,23.621587662161716,0.098647803474001,7.899500390157897
