generation,best_score,fitness_mean,fitness_std
0,17.426086607591305,-4.297244242610213,4.767764292385012
