generation,best_score,fitness_mean,fitness_std
0,21.956574883080755,-2.8820468240238917,5.921157769664722
