generation,best_score,fitness_mean,fitness_std
0,19.80207202616264,-2.357576602021193,7.345310539593188
1,44.711851708789126,5.131556193601296,14.582781382109356
2,27.57959393055497,1.871486953019411,10.624186808601177
3,27.175826293801723,4.141855230658549,10.829018541895927
4,20.120548583573814,6.8214315906207945,9.538907311279523
5,21.409067655324325,7.938826905403014,9.855098444429368
6,38.12205344877153,2.0867089867653656,12.041541137659145
7,21.49665062036156,0.9531948730793199,9.84007580744491
