generation,best_score,fitness_mean,fitness_std
0,33.610584895895784,-1.5510715397155288,9.845102841174198
1,23.47954420201092,-1.4971138092142533,9.050696150792831
2,73.13402979271555,16.462362963876128,24.731329614447507
3,57.383858948914124,12.401041789610861,17.15136938750805
4,70.14439097136449,16.17824367330195,17.44064965612042
5,70.15425916885172,6.217639732886764,15.630324142692471
6,26.829115052894046,1.2707184582334397,9.49138601832534
7,85.2140162218452,15.743992558400976,23.581608547380505
