generation,best_score,fitness_mean,fitness_std
0,49.08734511426395,-1.4066893282156543,8.340265878620906
