generation,best_score,fitness_mean,fitness_std
0,26.586743398186133,-2.9214721372016466,7.786982828725773
1,22.644913400997083,-5.23041284729531,5.4993833708020965
