generation,best_score,fitness_mean,fitness_std
0,7.5136206813712505,-4.25156699693329,3.3054583496010146
1,20.250506426970766,1.3854122828879858,7.788657467976709
