generation,best_score,fitness_mean,fitness_std
0,83.62327347582163,-2.07272454146793,11.718415291983778
1,89.11322527308772,23.636900832231117,28.72629316447023
