generation,best_score,fitness_mean,fitness_std
0,41.39877937352456,-1.437155215174853,8.994940523214277
1,46.908397556955904,10.591576762277242,12.842148099817582
