generation,best_score,fitness_mean,fitness_std
0,30.80150296873417,-1.121569810499626,10.177056730125713
1,22.00278772623589,6.301916989407903,11.32468273468248
