generation,best_score,fitness_mean,fitness_std
0,57.30964054567594,-0.7698368527237325,10.604658100503514
