generation,best_score,fitness_mean,fitness_std
0,21.752975927839515,-1.8125417831457677,7.794416782266684
1,30.918595635015535,4.951522916280569,9.044537466643735
