generation,best_score,fitness_mean,fitness_std
0,13.747611744605448,-3.6358248368837347,4.590127391105085
1,8.960992773032508,-0.973955239566373,5.446721658178918
2,7.83343227546823,-1.4697484827432175,4.961817473237774
3,15.081189535810399,0.8009001335267545,5.773811432125613
4,23.468544962485772,3.5443592670713078,7.806891700465805
5,30.434836165576343,0.12620541659435508,9.259999886605728
6,30.332365627624363,5.445307543282731,12.062700946786821
7,20.519535788199043,1.1612790680242862,8.87809464141698
