generation,best_score,fitness_mean,fitness_std
0,86.72556829689327,-1.4209609880253766,13.411807049406521
