generation,best_score,fitness_mean,fitness_std
0,-0.054467519739725745,-5.705507196843763,1.6428186742119075
1,20.19496307576806,-3.2906437687376213,6.125607931895405
2,-0.029227219704100804,-5.5192909506848045,2.0084597017894006
3,2.470182835548499,-4.591936732705377,3.0038419624354495
4,7.4688136697390615,-4.434434004538098,4.259016210966315
5,2.848311600875304,-5.493637609872489,2.3076981424036602
6,-5.232814892956316,-6.832571515863553,2.614670427651095
7,30.952098375883242,-2.1745780357821927,7.8776237885599345
