generation,best_score,fitness_mean,fitness_std
0,5.617529534988478,-5.092374115352427,2.610823446946518
