generation,best_score,fitness_mean,fitness_std
0,56.52220631951468,3.056118706518998,18.683894191429918
