generation,best_score,fitness_mean,fitness_std
0,7.672192305972896,-3.816685087115113,3.811650841022145
1,6.572775104797589,-1.1027400072794076,4.549331843531332
2,20.347614701754583,4.3474944456976745,8.362282157424238
3,23.63033816765845,1.644385210379847,8.061980279032872
4,19.126418271594062,3.2550060522869346,8.862977603745719
5,21.950818253039817,4.673203514621041,8.803541421289463
6,23.63319531938946,3.8034912727300405,9.247593645446875
7,20.35626739604228,3.3439980854502664,7.905138333553637
