generation,best_score,fitness_mean,fitness_std
0,-30.235681143809245,-93.93688706958724,19.38902821309
