generation,best_score,fitness_mean,fitness_std
0,18.895652875790457,-1.5699151954116037,8.153434776493723
1,46.248176493073366,12.435128920232959,13.004588912389398
