generation,best_score,fitness_mean,fitness_std
0,20.86021323883932,-3.2245551968087818,6.837318140223206
1,31.837381965556993,1.396626568404144,9.536977782876386
