generation,best_score,fitness_mean,fitness_std
0,57.16226955283406,-2.0249627873203653,11.70081260935773
