generation,best_score,fitness_mean,fitness_std
0,11.365409866901599,-4.2775804601983385,3.9253489214328976
1,14.158241952291462,-0.36948130745136437,6.367264150977869
