generation,best_score,fitness_mean,fitness_std
0,3.8291105305532014,-5.56540479592302,2.3016028557364985
1,21.368437679095422,-5.634839282390519,5.161477711751767
2,16.863708443946535,-5.663704354406327,4.211000294143822
3,6.259358913637158,-6.435842876159645,2.635955251121738
4,8.625716706319992,-5.875239338391052,3.876631831327896
5,13.993292668239782,-5.632684154993281,3.989674869947258
6,1.1336276471440456,-6.462919574250575,1.4715281183098003
7,16.240329627741588,-7.688824090728919,5.092977146211085
