generation,best_score,fitness_mean,fitness_std
0,41.39808924195344,-3.8213102872230684,6.547370248984736
