generation,best_score,fitness_mean,fitness_std
0,23.456987085518147,-3.710224488167742,5.8705950471109745
1,7.4572469505587335,-3.914343228901465,3.602355429577452
