generation,best_score,fitness_mean,fitness_std
0,19.98689413464254,-2.573189216756004,7.0038966589679745
1,27.19742494729398,12.247167398412373,9.37179934313802
