generation,best_score,fitness_mean,fitness_std
0,20.187952525706276,-4.244049526918417,4.436136666495539
1,27.759248078252856,3.4520503327783687,9.416812982175454
