generation,best_score,fitness_mean,fitness_std
0,41.94063947973669,-1.9070958649414105,10.327776444554548
1,65.21596306725327,-5.33428130838613,8.566890350598152
