generation,best_score,fitness_mean,fitness_std
0,27.50236834541679,-3.7095049845239454,6.778640150617844
1,27.462381573989358,-2.0285816062601807,7.692616241042439
2,38.07539180655229,-1.3514409751044991,11.078192675381738
3,51.75484429640901,0.9930198958073658,11.82599021312355
4,38.154869335996224,2.244669411788606,12.56299700836867
5,43.06610409559825,6.992501310565643,14.425746357568828
