generation,best_score,fitness_mean,fitness_std
0,57.16226955283406,-2.319464923907313,8.317240810609144
