generation,best_score,fitness_mean,fitness_std
0,42.594229284454684,-3.1292391067335257,8.678832174193959
