generation,best_score,fitness_mean,fitness_std
0,11.681031886253566,-3.4450036583630483,4.539219718273856
1,30.11389596854984,-0.7500591009242922,8.632802988094808
