generation,best_score,fitness_mean,fitness_std
0,12.53731110698369,-5.241806344863717,3.7356502022750626
1,6.297190800734882,-4.723943237441527,3.782161585768789
2,9.089426314171401,-4.923273032859625,4.19951217086149
3,7.479494823969802,-4.885358008462404,3.3830228134400087
4,13.989255379931336,-4.946961117875096,4.203032212755977
5,21.35613285096766,-4.106736542164114,6.636831996550275
6,16.409967106689912,-2.892620403752549,6.740446460218327
7,18.258409293107185,-3.5261726128721893,5.769842082681542
