generation,best_score,fitness_mean,fitness_std
0,22.29224472101786,-3.120864496084818,7.067521647732743
1,21.10010264641751,-1.888163722593588,7.642415623452002
