generation,best_score,fitness_mean,fitness_std
0,13.16371809304852,-3.786359171986276,5.067138785963497
1,30.876036020596743,11.99008672012857,11.614137299992787
