generation,best_score,fitness_mean,fitness_std
0,16.49817843731189,-4.386570580152254,4.165790912444914
