generation,best_score,fitness_mean,fitness_std
0,30.785064242391016,-2.5630771945751034,8.232638147556262
1,39.1888590070233,6.220801724218683,15.76717565753876
