generation,best_score,fitness_mean,fitness_std
0,23.60958421475064,-2.809258222499301,6.197815358745775
1,25.825621538037872,8.56342519085183,10.606288710570986
