generation,best_score,fitness_mean,fitness_std
0,30.11667761151172,-3.5570800649352483,7.209574387977895
1,30.11667761151172,4.589703347162109,10.739341690381954
