generation,best_score,fitness_mean,fitness_std
0,23.623196969683782,-3.4675607847781573,5.048758582272692
1,29.006468536372036,-0.591696331170594,8.07936237107008
2,29.108326664301817,0.10783054134104333,8.085726821771251
3,25.739054459752452,1.113634721546917,9.681510893145319
4,20.318043186111908,-1.5943972103599062,6.52737460407034
5,23.63237422178357,-0.9983430086695592,6.526112303248611
6,20.34675991188911,-0.11562098680275582,7.232728323317811
7,20.414398241895366,2.000102055191887,8.538071888921717
