generation,best_score,fitness_mean,fitness_std
0,14.75949388278147,-4.477437876450221,4.299455984091236
1,31.03096517024785,0.15139563447823565,11.197388811757692
2,31.021672955008565,2.9936541646803385,11.668346289586426
3,17.35104261506592,0.036098155521660874,8.450736054121396
4,61.199660338709236,9.536452250861283,20.83693137048944
5,49.16620151098598,7.178409621051097,17.156793311137672
6,63.113449957943466,8.429208747719704,21.49969515406688
7,48.66492211248415,11.420299315438701,18.519445078053
