generation,best_score,fitness_mean,fitness_std
0,7.1840042983835755,-4.623472321485537,3.2241170007934334
