generation,best_score,fitness_mean,fitness_std
0,4.390620813228637,-4.229923659827013,3.3436619639044003
1,29.40515929415703,-0.3935209298394525,9.986279144941953
2,23.87680539945922,2.7071237072413568,10.436450143052411
3,20.177740919795056,2.565600362883164,8.063249471968263
4,23.615583211206932,4.308664531820849,9.189782356506917
5,20.357121936520862,3.0842662584218323,8.132902238881213
6,23.468544962485772,5.956865875728715,9.542915687224134
7,23.45938587526789,3.3492790477762515,10.105221579144263
