generation,best_score,fitness_mean,fitness_std
0,40.6684555992005,-2.3254000654529383,9.133060203017033
1,26.316399327147586,1.742942897069774,9.401592277861843
2,31.036933948575587,5.019208815105226,11.67930993783993
3,31.036933948575587,3.5208511333221604,12.559541955814977
4,40.51135085764153,10.238270827153842,11.352926227110887
5,40.58281560068645,8.98622565153648,11.918535933637628
6,60.97931990818682,14.226486334434764,14.967978684240776
7,60.97931990818682,10.092259845176303,16.003502047792065
