generation,best_score,fitness_mean,fitness_std
0,35.35494520703698,-1.2304426542971936,9.21787500670663
1,70.60684976852436,13.517709230507688,18.132273756211937
