generation,best_score,fitness_mean,fitness_std
0,27.99024104664145,-1.8633384123619887,7.434299905801106
1,53.71992733314313,6.949042479335291,13.12347799517566
