generation,best_score,fitness_mean,fitness_std
0,44.88493908904539,-2.9112383215441486,9.387827860781842
