generation,best_score,fitness_mean,fitness_std
0,16.69884287219407,-3.7701337544322415,5.18309299858989
1,38.22636858214378,-0.11658036170322911,11.457250606878372
2,39.86736372024696,9.50344750464506,15.010165106484624
3,44.99666172065329,14.59679723656263,14.802416353055566
4,54.18367532328139,14.458360590189768,17.981655166343604
5,54.253654735148814,9.499718759352879,18.414756048990267
6,51.56757146774742,13.687504615625095,18.02177711457833
7,54.18930120320951,17.063952469501533,21.568501274915313
