generation,best_score,fitness_mean,fitness_std
0,18.227915546445814,-2.4779792397408515,6.01528197119146
1,22.439179307345967,11.467388499642588,8.327328944285247
