generation,best_score,fitness_mean,fitness_std
0,21.737309811095116,-1.9662555409223967,7.446515043861023
1,30.206986391615853,-0.12492350558032987,8.732527352375657
