generation,best_score,fitness_mean,fitness_std
0,17.337837174255576,-3.338088907224532,5.887189849246761
1,17.513326583804677,-0.864122665327764,7.452448926805438
2,50.40253765630486,7.8531888913722785,15.302808551462146
3,49.39768396569046,13.50733679701804,15.32046969352773
4,40.111556631338246,13.944166576794386,12.280827765449944
5,39.2622738040548,13.424306382290172,11.972314908605158
6,27.8111072717285,5.844436339147775,8.152599760884
7,53.88187878349521,9.364899223600494,13.543001310533985
