generation,best_score,fitness_mean,fitness_std
0,87.29353194306674,-0.2653049341278883,13.825014717501974
1,29.613120680637355,-5.2893688566668695,4.991359001097438
