generation,best_score,fitness_mean,fitness_std
0,21.11904097677274,-3.1855341670218404,6.197222686564575
