generation,best_score,fitness_mean,fitness_std
0,21.928482989385095,-4.194505889598007,5.780278665735546
