generation,best_score,fitness_mean,fitness_std
0,21.928482989385095,-4.194505889598007,5.780278665735546
1,22.226110843400807,-0.30296731624844225,8.420259334900576
2,34.45993628380499,2.771980615807491,12.337385772292917
3,39.16311423708681,8.022920179102938,13.912770996987735
4,36.97159754163131,7.363921295717231,10.57820847190416
5,46.92962662711888,2.8443100631450684,13.469259526011728
6,33.03199514256461,4.864281363845322,10.354209829234957
7,31.25460836646605,4.3826052538531135,10.12348776799762
