generation,best_score,fitness_mean,fitness_std
0,21.057200624873296,-3.5190124258915656,5.556058485964818
