generation,best_score,fitness_mean,fitness_std
0,21.660361382298955,-3.433519465103916,6.015090827923342
