generation,best_score,fitness_mean,fitness_std
0,21.752975927839515,-2.0623947269108114,8.123054341202732
1,22.163718093048516,9.718193724823788,8.934892425246927
