generation,best_score,fitness_mean,fitness_std
0,11.909755445091164,-4.312259275425752,3.8813393383850836
