generation,best_score,fitness_mean,fitness_std
0,74.55586874329956,-0.09379423743765997,16.882176237079058
1,91.68873816020957,16.370604582907003,24.191047289241094
