generation,best_score,fitness_mean,fitness_std
0,21.956574883080755,1.5123833908276363,9.535587802970126
