generation,best_score,fitness_mean,fitness_std
0,39.01606371931281,-3.559466698137271,7.2471915378148895
1,30.11667761151172,3.387991254191021,9.666667312755692
