generation,best_score,fitness_mean,fitness_std
0,30.244257786413087,-1.529297865922822,8.466636436338645
