generation,best_score,fitness_mean,fitness_std
0,16.80446983407669,-4.657516966927365,4.10788997946819
1,24.2734617915675,-2.3102662697599587,7.559451762682242
2,56.43089980475154,1.5460342303506818,13.591912037604784
3,34.40468598021165,3.2812735038753007,12.227493369793642
4,56.07893793443936,3.563191548791757,14.888113923691662
5,47.096424976079845,6.393819306702163,15.055503036025462
