generation,best_score,fitness_mean,fitness_std
0,15.591751997968176,-3.696363779108599,5.6946158227877826
1,46.58454405650933,5.083498839796946,14.560362443055993
