generation,best_score,fitness_mean,fitness_std
0,74.90417543756777,3.8854427235608098,18.60429328486831
1,75.20090734553948,28.022023885295365,21.195189620600445
2,88.9335319430667,37.675516917641694,22.74698028606508
