generation,best_score,fitness_mean,fitness_std
0,19.843192373961443,-2.2802388471062236,6.96899294025782
1,19.90058041094838,1.0289327406146034,8.398211122431777
2,20.107520101636553,3.510875584905168,10.701531223649619
3,25.487171401841398,3.911775295102557,11.300403200756115
4,20.03799473200494,8.88610711605765,9.618122496613369
