generation,best_score,fitness_mean,fitness_std
0,26.704440118440612,-2.6354849839451595,6.532636389092035
1,23.786399456383915,-2.945113798011951,6.179691739426591
