generation,best_score,fitness_mean,fitness_std
0,48.60183729848225,-1.6451762225111035,11.146013229321195
1,22.308652117770848,-4.259837210593883,5.378046025193034
