generation,best_score,fitness_mean,fitness_std
0,27.448768013591668,-2.04006617456012,9.472678856060242
1,27.317037955147434,5.982717746693259,11.838785612800942
