generation,best_score,fitness_mean,fitness_std
0,38.633529552268556,-0.4900648639598527,9.981403057994363
