generation,best_score,fitness_mean,fitness_std
0,4.195978955266746,-5.068468067220689,2.3532429795258154
1,21.737309811095116,3.982487750471326,8.964529627970121
