generation,best_score,fitness_mean,fitness_std
0,19.90763885270792,-1.784157952837343,7.70738956002566
1,34.65389743317598,9.686164355110176,11.627715885246964
