generation,best_score,fitness_mean,fitness_std
0,20.240592179249575,-2.0611347086981615,7.381544955635894
1,77.4218440011928,11.42232950103109,14.78826039782826
