generation,best_score,fitness_mean,fitness_std
0,21.194865031083516,-2.4739021168312085,6.566485484425871
1,22.002787726235887,-3.483249538512985,5.672445647989885
