generation,best_score,fitness_mean,fitness_std
0,14.721085340005452,-4.516927542254944,4.196378540868235
