generation,best_score,fitness_mean,fitness_std
0,25.62758068526893,-3.966480453331964,5.753238037529316
