generation,best_score,fitness_mean,fitness_std
0,57.16226955283406,0.5739743603617692,13.597196067223834
