generation,best_score,fitness_mean,fitness_std
0,30.742504627972217,-2.3541545509846435,7.641130434001289
