generation,best_score,fitness_mean,fitness_std
0,21.079980747717485,-0.3601977681546694,9.936347270982017
