generation,best_score,fitness_mean,fitness_std
0,22.002787726235884,-3.080176820136472,6.554369887217536
1,22.163718093048516,3.408935767581494,8.374129091572273
