generation,best_score,fitness_mean,fitness_std
0,55.65224472101787,0.23096782796040546,12.7066942235327
1,89.57598249381269,23.593490872514963,30.92804306167609
