generation,best_score,fitness_mean,fitness_std
0,86.12628484395722,0.5142962297838188,17.622552733619127
1,86.12628484395722,12.979493856043607,21.00880810126225
