generation,best_score,fitness_mean,fitness_std
0,21.876036020596743,-2.09635950097501,6.6092845746928
