generation,best_score,fitness_mean,fitness_std
0,21.94375419465169,-2.8148152617028535,6.797759056392382
1,30.95657488308075,5.0599663076622505,10.479254871615414
