generation,best_score,fitness_mean,fitness_std
0,15.039227549276067,-92.28523095819709,27.49824649112734
