generation,best_score,fitness_mean,fitness_std
0,-0.48104688487777025,-5.479505170316388,1.4410389112180304
1,11.837579958668279,-2.959944522022171,4.91241775684911
2,38.05078049212904,1.5828998136051504,10.963318510413034
3,41.7748413938353,6.379540860237402,13.129522308323436
4,38.003866634031255,9.04909429224959,13.474445354644395
5,42.109046669282726,10.983050444383968,15.760051593905
6,47.76387073192557,9.9039169312824,17.598129634848334
7,47.64529155101893,5.479035365509611,13.39413094256968
