generation,best_score,fitness_mean,fitness_std
0,28.759565224054036,-1.970458181414924,9.381629465863998
1,11.959018928917187,-0.1982612312685354,7.005376884596649
