generation,best_score,fitness_mean,fitness_std
0,19.633459345287868,-3.386654988258229,6.137074631831679
1,9.21239638510125,-6.197992732771354,3.7209333081454123
