generation,best_score,fitness_mean,fitness_std
0,19.996130261206673,-2.2285485668854808,7.441741235791948
1,34.88081441746538,3.9294591384484763,10.613712139993554
