generation,best_score,fitness_mean,fitness_std
0,17.370796302035423,-5.36639873739138,3.57256552224268
