generation,best_score,fitness_mean,fitness_std
0,19.962626235781613,-2.112323081539787,7.099665131988819
1,16.906122994277354,-5.396564761288362,4.229417849628996
