generation,best_score,fitness_mean,fitness_std
0,18.16847492477815,-4.210643713418146,5.62144660757226
1,19.843192373961443,-0.6543597486988747,8.100506237194358
2,27.4150438457509,8.245646213934942,10.861357293016773
3,35.841091798516885,5.928287618219824,14.553123847015591
4,48.61895134230184,17.61588659134452,12.855870313699217
5,27.341590612541566,9.45926424292159,10.736447494602078
6,34.72998667594746,14.69675742942082,8.418663933224881
7,44.47807106536521,17.3951509771314,11.696456793868759
