generation,best_score,fitness_mean,fitness_std
0,13.644660159622752,-4.052525683955627,4.17819639138786
1,23.63033816765845,1.0779397955570325,7.135268716817364
