generation,best_score,fitness_mean,fitness_std
0,6.876152141555131,-5.537516959696142,3.957695398634129
1,5.328614979023746,-4.602411980112157,3.1742188733601866
2,15.02574211773944,-3.90132791229123,4.942422235387981
3,3.356290969176989,-5.524201891483525,2.9187966022506586
4,14.230615068306061,-3.312679701924753,5.120130052487987
5,11.665150444877678,-5.671764711429806,4.067883402834044
6,15.787149586705326,-4.370256326435954,4.8593040023106076
7,2.781775358850135,-5.269488621593909,1.7435000947658121
