generation,best_score,fitness_mean,fitness_std
0,31.23410550004989,-5.273413043075874,5.038958663920784
