generation,best_score,fitness_mean,fitness_std
0,45.1536080745758,-3.0829948631441093,10.827872225544764
