generation,best_score,fitness_mean,fitness_std
0,88.64443510891829,-1.2352319041282096,12.458371066068457
1,87.44443510891828,9.106249906048761,20.32338106963367
