generation,best_score,fitness_mean,fitness_std
0,24.50712985241907,-4.050714709413159,5.570995942239046
1,23.624252356667874,2.387249901027007,8.807939531137924
