generation,best_score,fitness_mean,fitness_std
0,20.116949519898377,-1.1476958867622171,7.309507494490411
1,16.656667213131684,-1.578557235149032,6.492350247799623
2,54.95441538103581,7.651510587477528,16.402256573912574
3,34.809399524515726,8.224499728800112,12.606489821617897
4,27.059436858998698,5.158785795996573,11.085089971346903
5,51.053695702495986,9.179729862754725,15.106382737649334
6,41.63535440087617,12.458837536698844,13.825429061462343
7,30.055941399901364,10.21296653561406,10.193990310463313
