generation,best_score,fitness_mean,fitness_std
0,14.907252713504974,-3.886224516657239,4.781415974725358
