generation,best_score,fitness_mean,fitness_std
0,30.27968822339259,-2.1534746925251325,8.04308508813393
1,24.892244721017867,7.009612242182502,8.697863867388103
