generation,best_score,fitness_mean,fitness_std
0,20.21657539469465,-2.679016552628328,6.2048611263679305
1,1.9327602155892496,-5.106174055634946,2.0286864640252884
