generation,best_score,fitness_mean,fitness_std
0,41.75912352973515,-0.8164531944459583,10.941480226968533
