generation,best_score,fitness_mean,fitness_std
0,-51.611049245159606,-96.87861555046554,15.874869999689363
