generation,best_score,fitness_mean,fitness_std
0,14.256433968186137,-3.765548337040884,4.831078020071616
1,15.57737788218249,-0.4643504928204016,6.36805903244558
