generation,best_score,fitness_mean,fitness_std
0,19.803109542177797,-4.994769846756105,4.2361334346844535
