generation,best_score,fitness_mean,fitness_std
0,31.28215799989978,-3.3615675056110796,6.395013227536309
1,47.52750199968044,4.434403418945802,14.06653379856085
2,51.580128255421556,5.649735793146217,16.14694631486462
3,51.492939785237056,8.25519658511983,17.612368207894093
4,38.09351511147622,8.547950311315562,14.322065789893706
5,45.43900910510523,12.24572327888889,16.822194073297155
