generation,best_score,fitness_mean,fitness_std
0,28.871510293744794,-1.1339374196691439,10.200567115984983
1,24.032539322529125,7.1883973024546375,10.101975448109515
2,41.20596644234989,12.318653267080927,10.868860801579734
3,41.135346311345174,13.152654000395,10.846571649810024
4,41.34973744089757,12.754597596343434,15.607536449232512
