generation,best_score,fitness_mean,fitness_std
0,41.46602406480993,-0.24824256244038911,12.291416267401777
