generation,best_score,fitness_mean,fitness_std
0,47.98628484395719,-0.28837376629321115,11.03687123363145
