generation,best_score,fitness_mean,fitness_std
0,44.534530089826724,-1.0316531413754866,11.153396801531969
1,22.36553016553352,-5.7178045127828385,5.577583574927894
