generation,best_score,fitness_mean,fitness_std
0,20.28059993579724,-2.741797688103909,6.636371007365044
1,20.351464250886494,0.15180707934254214,7.583071714391349
