generation,best_score,fitness_mean,fitness_std
0,21.956574883080748,-3.3113179087399276,5.182450755741832
1,22.002787726235887,-5.315565217159771,3.5040944286647924
