generation,best_score,fitness_mean,fitness_std
0,21.989364705903743,-3.545365450780154,5.751938035395027
1,3.7529759278395147,-5.121782042682505,2.268592601017889
