generation,best_score,fitness_mean,fitness_std
0,21.876036020596743,-1.2017761355310312,8.228709285393126
