generation,best_score,fitness_mean,fitness_std
0,25.028333590378686,-4.128062492881706,4.872877059312794
1,20.27733951286617,-3.50173884584343,4.994991939610585
