generation,best_score,fitness_mean,fitness_std
0,57.16226955283406,0.3539339325880191,12.760358710854335
