generation,best_score,fitness_mean,fitness_std
0,36.00730056320427,-0.3220845616293336,9.815924427953775
1,-5.654204856469898,-6.129391010251806,0.6208994172180101
