generation,best_score,fitness_mean,fitness_std
0,27.100090756918366,-2.3371788433248506,8.169361984168228
1,31.437702429525167,-5.022359575402252,6.892309594088191
