generation,best_score,fitness_mean,fitness_std
0,91.93357331188756,11.217232174550857,28.32142613452011
1,91.93357331188756,48.07379184488153,29.571307269230754
