generation,best_score,fitness_mean,fitness_std
0,20.18661312732218,-3.6406476114878634,5.536762813603659
