generation,best_score,fitness_mean,fitness_std
0,13.806696553175943,-5.874344877319908,4.039821100379008
1,4.817997697975141,-5.302897256779251,3.4031028596273343
2,2.9867666714809777,-5.48037057841284,2.5054095957820075
3,40.30846626843132,-2.836473737127564,10.213533740867293
4,21.535160592227385,-4.568420367263737,5.152357175877816
5,9.464570770354037,-4.778972685511108,4.477911679902751
6,11.374281540464338,-5.030608354828701,4.81845467136732
7,21.648855525114843,-1.1921176753193512,8.188905433102537
