generation,best_score,fitness_mean,fitness_std
0,23.623125643035888,-3.6873252388623152,5.033334401883974
1,23.47507126383347,-5.321086313043,3.6708780449304115
