generation,best_score,fitness_mean,fitness_std
0,7.472454654873893,-5.53593362345496,2.7583109275485596
1,22.720417318077846,-0.809876804962697,8.680470864454486
2,8.137275278976931,-4.995308105085011,4.116268277909107
3,14.540095026371809,-4.676141736815479,5.8119353551698225
4,12.340775985066344,-2.6979716069670285,5.401983693801552
5,21.3964610918246,-2.7601608496878707,6.592795706436802
6,25.40942196855551,-0.06761743264310537,8.69775882652023
7,21.49686503795332,-2.787618660240986,7.040644985834849
