generation,best_score,fitness_mean,fitness_std
0,16.940288531223665,-3.788098949142511,5.637010793211092
1,15.91092978844475,-5.276113090645775,3.9450558887794402
