generation,best_score,fitness_mean,fitness_std
0,56.74041853593508,-0.37486855593867074,13.76369779305633
1,85.13744140538645,14.463159382936015,20.726341577163105
