generation,best_score,fitness_mean,fitness_std
0,86.12628484395722,0.9708540765343623,17.905364637670253
