generation,best_score,fitness_mean,fitness_std
0,45.37866501830424,-2.6029389004367482,9.698386484058267
1,39.17983212149386,-0.2721869266975627,11.146496894845345
2,42.916803115736144,2.8016102073951816,15.228732758837364
3,53.77872916409906,26.42685082250792,16.691894091817034
4,56.406545994017094,22.556594521621154,18.10049148708109
5,57.812680442715205,14.317762700333908,20.873282299120998
6,59.096868614176735,12.797845996962147,20.20576183419099
7,59.321600768764455,13.354413145429408,19.297244214485545
