generation,best_score,fitness_mean,fitness_std
0,66.07842158035618,-0.9157768230731518,12.554710528896923
