generation,best_score,fitness_mean,fitness_std
0,21.660351394352666,-1.3320578426482688,8.749464739501814
1,39.864105801899086,5.771618522879319,13.674326593744322
