generation,best_score,fitness_mean,fitness_std
0,4.68251188646369,-5.018811561836652,2.5222544775519378
