generation,best_score,fitness_mean,fitness_std
0,37.0949385853351,-2.8960136521826962,7.844104349053473
1,76.69315435581075,-5.706403491618957,10.62281530612519
2,14.054405719744594,-6.07103309188021,2.5682329760506106
3,77.57307616059715,-5.367799844783084,10.036606194614693
4,10.829731363459246,-6.1240996588964505,2.409422668294947
5,16.818415118708103,-5.753264556185671,3.5999296410484645
6,59.97527726419764,-6.212735396698687,8.79267373891207
7,4.73981188738157,-7.42776751728744,2.97891613791545
