generation,best_score,fitness_mean,fitness_std
0,44.959048807573296,-3.3141669300090846,7.735820949263707
