generation,best_score,fitness_mean,fitness_std
0,25.90438536539876,-1.6724145903217449,7.8389331612099955
1,56.03601126648354,10.503608974597846,13.223814470037208
