generation,best_score,fitness_mean,fitness_std
0,39.94582087462089,-1.6062117830826461,10.055523448999613
1,21.712275536462876,-2.323199457682019,7.542580791504412
