generation,best_score,fitness_mean,fitness_std
0,57.16226955283406,-1.349857450692103,10.168719576202738
