generation,best_score,fitness_mean,fitness_std
0,23.463601773429676,-0.007925294922518426,8.232049137134656
1,20.43432101106883,0.7375715968110855,8.79083501069058
