generation,best_score,fitness_mean,fitness_std
0,22.58785304135876,-2.0089452783515243,7.960026635106608
1,35.155394327305785,-4.74789207355459,7.597088232893676
