generation,best_score,fitness_mean,fitness_std
0,21.145450605727717,-4.549135989877774,4.344067666057237
