generation,best_score,fitness_mean,fitness_std
0,85.85490903049438,1.1034060544353617,17.038048419193125
1,87.61745983353183,-3.6594318444622744,11.988058922336105
