generation,best_score,fitness_mean,fitness_std
0,34.43265925214101,-2.495184274325568,7.736367237614796
1,41.39748156423923,6.607212032219597,11.46326850551527
