generation,best_score,fitness_mean,fitness_std
0,20.072244721017874,-2.792592171840063,6.593063386507551
