generation,best_score,fitness_mean,fitness_std
0,5.303933855625566,-4.747856787668451,2.53974681699149
1,16.844684111656697,0.8382848031315328,6.711842607910483
2,45.00140435061016,6.7771289865942625,14.363043247702935
3,38.090304613335675,3.6180087195686297,13.40728326771391
4,48.966104597381744,11.4223316690174,17.858509794969535
5,44.910473252865444,10.783391021058172,17.186456368437067
6,44.937668428691794,16.41228681878357,18.88936485986457
7,47.663320591052056,13.948320580423532,19.56229891803064
