generation,best_score,fitness_mean,fitness_std
0,34.62037497265864,-0.34777272347784294,10.603586699150958
1,48.663309250622476,7.574297163178765,13.418659716161285
