generation,best_score,fitness_mean,fitness_std
0,41.819263569775615,0.9033425525826623,12.855828347012272
