generation,best_score,fitness_mean,fitness_std
0,27.101951082924586,-4.046346971715808,5.634471988997961
1,57.7434148385844,0.913279084358446,14.307735436919755
2,44.71168860944223,4.590153369582868,14.246914971171831
3,57.81676678454895,5.92949108421647,15.148090064331262
4,57.75890703858518,5.0796527927042785,14.500197679946915
5,57.832145526965796,7.978816174013283,16.132653821628978
