generation,best_score,fitness_mean,fitness_std
0,85.06421948603871,0.24380808524310124,15.300187014136348
1,90.08544845445562,22.622243027413038,27.71634801752378
