generation,best_score,fitness_mean,fitness_std
0,89.10324619773175,3.1908265018680524,19.93318952708875
1,65.54637500110731,-0.161387389424633,11.211879105689517
