generation,best_score,fitness_mean,fitness_std
0,22.002787726235887,-2.1645852035940387,6.769846610084492
