generation,best_score,fitness_mean,fitness_std
0,87.17788162462297,-0.2263808859563328,14.568943368810636
1,-5.420534999272286,-6.1374698132899566,0.38200426302234664
