generation,best_score,fitness_mean,fitness_std
0,20.625182578949662,-2.7949510346356985,6.695608264253496
1,23.4322906963665,-5.0330368512293635,5.380087245440822
