generation,best_score,fitness_mean,fitness_std
0,15.166367145281747,-3.0267128218132857,6.985950296999406
1,45.03134716761912,7.3843629166948395,18.427398967750946
2,44.90193139333169,6.5098404983660165,13.55012432013794
3,63.03119440242569,18.541822503468843,19.79633998831452
4,63.200654307669254,15.66689176777556,19.404667239259894
5,56.576465130118436,16.984058696970177,20.32280660117842
6,44.81425616455819,10.272409675397396,14.608661903407349
7,67.98548490690915,14.83103920967149,24.823840235078226
