generation,best_score,fitness_mean,fitness_std
0,65.52765370549909,-0.7496632369415245,13.525140337913609
