generation,best_score,fitness_mean,fitness_std
0,21.752975927839515,-3.7667975689966524,6.032287657106758
1,21.956574883080755,-2.237513174855242,7.621847583146172
