generation,best_score,fitness_mean,fitness_std
0,16.992177124267947,-3.4330310665754182,6.358228826613403
1,15.144996937125303,-0.6830382670187044,7.511703615267581
2,19.73504064751458,-0.34434816911641153,8.49359375648887
3,23.370369513428912,-1.5103054646709688,8.272166266946625
4,56.890283138869606,15.117168185557293,21.709218873987222
5,56.890283138869606,12.085235197666893,21.6637317677203
6,59.20591539266424,15.99899735377671,21.46441218605227
7,56.28187509160426,16.880236364568574,18.87828612562998
