generation,best_score,fitness_mean,fitness_std
0,13.12480267679885,-3.5184877974907933,4.7533275991560355
1,30.888012211643456,6.6571128339808405,10.577723847493145
