generation,best_score,fitness_mean,fitness_std
0,30.256996812190522,-1.9612148539353602,8.330162253385197
1,30.89405452609942,8.095089681573832,9.771207364034264
