generation,best_score,fitness_mean,fitness_std
0,4.805488609118747,-5.732465607308597,2.5568049583312207
1,9.606494978209941,-4.795620472716302,3.52242565137573
2,3.0981988092916364,-4.582884822205758,2.7793214302550777
3,3.6075806362122114,-5.689083637563168,2.973661701168087
4,7.420458993337462,-6.397566305842757,3.4533286148365874
5,20.06858984194632,0.2713955354217806,7.176453576490687
6,14.474073187154382,-3.6007855014639976,5.307956813367036
7,16.004606484019412,-0.2377882407206035,7.8640349635644275
