generation,best_score,fitness_mean,fitness_std
0,53.90211180068819,1.9382528416356346,14.331491617936315
