generation,best_score,fitness_mean,fitness_std
0,16.73007316211919,-4.84638062686661,4.740893326165858
1,9.712224720647043,-2.8564989332542763,5.119928259391551
2,37.81945869818745,4.885426827434072,13.166607364352375
3,41.35517510991282,8.0258628342275,12.982582215880901
4,41.390110783027936,10.611842324621842,14.28413877619646
5,50.090004645176315,8.777500386352237,15.406748514199922
6,41.66222137304358,4.912115114294471,15.593645829073424
7,44.98494941917012,11.17584876925082,15.13424133564549
