generation,best_score,fitness_mean,fitness_std
0,34.62484487341457,-2.1865372614682395,9.114614214166123
1,42.8244997464689,11.887903792929459,11.907698202442534
