generation,best_score,fitness_mean,fitness_std
0,71.30076811875482,1.0965657761011323,16.48442643506521
