generation,best_score,fitness_mean,fitness_std
0,22.490177571679567,-3.057169930222194,7.0728581903107655
1,23.58401840267532,1.8293287132220777,9.694956387931452
2,23.460400607105242,1.680316947722485,7.524161412425069
3,20.31480587327837,-0.8552147702449993,7.0541907126921055
4,23.791817800982123,6.307667052637654,10.019633292459872
5,20.18473165846383,-0.115634479269579,6.095555105940582
6,7.175776497474303,-3.247948387336076,3.8571748382133455
7,11.205123852155795,-2.0157693697321055,4.997450813538284
