generation,best_score,fitness_mean,fitness_std
0,74.88853266049732,1.1258845832291713,15.483394022145784
