generation,best_score,fitness_mean,fitness_std
0,-29.652211904280012,-93.59850243693286,20.76778504456373
