generation,best_score,fitness_mean,fitness_std
0,40.00083759455923,-1.4148600401390172,9.407010086247215
1,34.90699349964548,4.7398433083272735,11.393228983748818
