generation,best_score,fitness_mean,fitness_std
0,20.049770410213334,-3.3158302187937614,6.266796922918766
1,44.85789441846093,5.336633580805184,11.88016586063436
