generation,best_score,fitness_mean,fitness_std
0,16.809555625631276,-3.7763565074104553,5.615049808122128
1,25.282388478118904,-1.4951424826011275,7.4544304215044495
2,31.03642114949763,-1.1110229520883204,7.778550944234308
3,33.17172595373101,3.158584573055875,10.844322620475534
4,33.03297624716007,6.348737777170193,12.341720606941482
5,31.20428161913315,5.041421510638258,11.401543933805392
6,33.19427867875549,10.574959369925597,12.663741011349634
7,41.057363381111145,13.26513552636327,12.134834182602729
