generation,best_score,fitness_mean,fitness_std
0,4.390620813228637,-4.74768353314085,2.566480137024376
1,20.231082558306348,-3.148509190148973,6.106694177581376
