generation,best_score,fitness_mean,fitness_std
0,30.211227538288366,-2.178521026170577,7.367493421177906
1,23.050731486710244,-1.4269000677442287,7.152199712711441
2,13.381248715696664,-2.710413310605874,4.6384453644055315
3,9.982589577317835,-2.7391746120630107,4.440939561971713
4,14.744432607183052,-0.0328847382907479,6.245153140865181
5,23.62816900232275,0.9260415860501473,10.206245978700755
6,21.36210580549067,-2.141337137773225,5.920179527141683
7,23.45938587526789,1.4574652051763632,8.252271190061926
