generation,best_score,fitness_mean,fitness_std
0,16.838990099645557,-3.716107727822375,6.843641765444646
1,41.77029140821602,9.885570710224817,11.651625077135757
