generation,best_score,fitness_mean,fitness_std
0,21.752975927839515,-3.1133404982331694,6.643642333405318
