generation,best_score,fitness_mean,fitness_std
0,57.752975927839515,-0.9982675185935299,12.214121783645803
