generation,best_score,fitness_mean,fitness_std
0,25.331458746640173,-4.045999816285361,5.9080319568026916
