generation,best_score,fitness_mean,fitness_std
0,32.63470639252831,-3.2914489212321736,7.2266648464472585
1,42.64822389150296,-5.670006487100035,5.903796239920365
