generation,best_score,fitness_mean,fitness_std
0,10.840178064072767,-4.475681207785404,4.159809161498084
1,28.771020061904228,-1.151209481206286,6.860896195137367
2,28.762416668203834,-0.6069696268017443,6.937498382129279
3,26.88867144654154,0.8304891863737659,8.526292365889237
4,37.23611751250044,1.4525406120330062,9.030611993726172
5,43.92038893828,1.9737800241297976,10.34558584656067
6,37.23611751250044,3.9260207046007216,11.475938655628811
7,37.22477972684753,7.021401149210121,11.539412678495982
