generation,best_score,fitness_mean,fitness_std
0,19.883950872122668,-3.9519763057708084,5.618356466739103
1,41.89542062756461,9.690152701885053,13.179493797190865
