generation,best_score,fitness_mean,fitness_std
0,23.89547253649809,-4.45065487311178,4.893595566447734
