generation,best_score,fitness_mean,fitness_std
0,23.74541506685959,-0.6328315649727679,9.64723290031596
1,34.811702713818846,8.137420071500301,12.599511842292788
