generation,best_score,fitness_mean,fitness_std
0,19.997834481233646,-2.987726905391331,6.238261802788935
1,39.9113237190399,8.005271483915324,11.832249048639248
