generation,best_score,fitness_mean,fitness_std
0,20.003277230893417,-2.680166775045399,7.900428811038849
1,20.16094992532463,3.796399438757282,8.00782184998061
