generation,best_score,fitness_mean,fitness_std
0,24.843000360162243,-4.842693136457245,4.006028197081903
