generation,best_score,fitness_mean,fitness_std
0,33.729513352356456,-0.6247910315388405,9.144767504453812
1,48.822352268129194,3.900510589978933,13.008438564269595
