generation,best_score,fitness_mean,fitness_std
0,57.73214184093667,0.47504849935633614,14.58152559293192
