generation,best_score,fitness_mean,fitness_std
0,34.59789868304274,-0.8437812885855691,9.040381984337358
1,29.392327559133317,0.14300899498119207,11.253732151585524
