generation,best_score,fitness_mean,fitness_std
0,56.98628484395721,0.25535346599532,12.74518788284122
