generation,best_score,fitness_mean,fitness_std
0,25.075621984332592,0.7060649612712785,9.89073328533485
1,17.090301056109446,3.0703361377574017,7.5226809153185465
2,27.50950450753883,7.270290793406343,10.403476927276811
3,23.880383275971724,4.5985719943282595,8.607378432322774
4,41.9662457969864,8.659224504985074,12.278172788775276
5,34.39403886454173,12.59857700233976,10.553413573515071
6,26.522476271891534,11.671511501691324,10.306452131794135
7,34.804691936537665,9.891714812067873,10.449286778730169
