generation,best_score,fitness_mean,fitness_std
0,31.190099347153417,-4.37378662452957,6.759676273240227
1,31.080031753803365,-1.2028119085570357,8.61369743736888
2,31.100738479490666,4.770254664344352,12.735351506534002
3,51.46144582660408,9.42264304051151,15.84069657487877
4,44.840233960147465,5.2867645668066565,15.06393846356088
5,44.74996637900761,5.406724704356421,14.141884014360722
6,45.31261953385682,12.219642890992302,16.630288625997377
7,45.10277727625239,11.60835967926447,14.719128298032087
