generation,best_score,fitness_mean,fitness_std
0,26.726236358720968,-2.5489751948316455,8.259087220103291
1,21.336952044666695,5.912298909329082,7.797882206260954
