generation,best_score,fitness_mean,fitness_std
0,21.07307397402959,-4.51722351080267,4.380884863758617
1,39.150675220053145,5.677248002523157,11.930866783129565
