generation,best_score,fitness_mean,fitness_std
0,41.776217810740405,-0.3296150989994498,11.689985476402475
1,23.986576251626705,7.88879749996498,10.341907473180047
