generation,best_score,fitness_mean,fitness_std
0,21.10422681553851,-1.3845747110266564,8.133689077805053
