generation,best_score,fitness_mean,fitness_std
0,-37.029135002294055,-93.34747319995212,19.92188794057706
1,4.835171726553085,-72.67377775821093,31.130505712082957
