generation,best_score,fitness_mean,fitness_std
0,20.118942477738656,-1.4976445102353426,8.39869918430219
1,42.080406117159754,8.210121307895122,13.986971863717494
