generation,best_score,fitness_mean,fitness_std
0,14.972301719741488,-4.691022699809549,3.517715148675122
