generation,best_score,fitness_mean,fitness_std
0,21.601837298482238,-0.46176103176556826,8.105953031212929
1,22.08734511426394,8.634151159001876,9.196811901696082
