generation,best_score,fitness_mean,fitness_std
0,34.06059116034065,-2.045198954689192,9.316455146257137
