generation,best_score,fitness_mean,fitness_std
0,29.83668519596536,-3.072248856748972,6.339822232789361
1,89.18811752271654,4.81925574847171,18.118547491100127
