generation,best_score,fitness_mean,fitness_std
0,13.163718093048523,-3.0728405285789053,5.086858102995631
