generation,best_score,fitness_mean,fitness_std
0,31.264129811157183,-4.383427534838278,5.405069400803927
