generation,best_score,fitness_mean,fitness_std
0,14.542380272295546,-5.335503173379324,5.256216961153217
1,2.848287435654952,-5.406022089852173,1.8533799371450794
2,20.953458573550215,-2.3314671841203864,7.51786036534353
3,17.462354678289103,-3.2514335750189876,5.555671191787368
4,14.188135344312728,-2.470081190959951,6.6494212587936445
5,9.940232207904735,-1.8862045761300386,4.6742885891700485
6,4.808444431108947,-3.5986273740993266,4.037062719385021
7,29.045564332101616,-1.9003343707406075,8.40793425920002
