generation,best_score,fitness_mean,fitness_std
0,46.71463947705944,-1.4268900582707411,9.778827090816826
1,51.293512996335025,6.079368415347448,14.06642419346542
