generation,best_score,fitness_mean,fitness_std
0,21.95657488308076,-3.2764268526202027,6.377864332119308
1,30.078421580356185,-4.660255183555375,6.459877551389383
