generation,best_score,fitness_mean,fitness_std
0,17.584111445482996,-4.425511492815782,4.527452245874227
1,44.90031870327056,-0.8840764044714747,10.023383077072175
2,44.791164755368406,2.412520174412589,12.159650583641275
3,51.63993611141406,4.85890320757729,13.10960554788995
4,51.70485414945409,7.775440612415978,13.734940597058841
