generation,best_score,fitness_mean,fitness_std
0,8.869493935944561,-4.6169887149981275,3.644304158260211
1,23.623196969683782,-1.4767212438970752,7.421180582585936
2,23.432344316390463,0.2964884467253568,8.22514190374455
3,32.262863150392285,3.5898373331811597,9.524893130998905
4,23.6243384030952,5.636392644013927,8.832819873291044
5,23.62826570258295,3.9359000121594248,9.313086222662925
6,23.468544962485772,5.825659347897225,8.459646797257841
7,23.637351680440485,4.564043282393834,9.545427914640788
