generation,best_score,fitness_mean,fitness_std
0,15.168856907412827,-4.235432069700466,4.214895453530601
1,25.373847198358085,-1.1500265348295327,9.37180000385888
2,25.464739616230766,0.047736384937476166,8.80566886276561
3,41.48948814086418,5.491087289454651,13.26926499978125
4,51.502808177909316,7.381301847483328,16.365311228274315
