generation,best_score,fitness_mean,fitness_std
0,41.522049706904205,-2.6478165070230286,11.363142614010437
