generation,best_score,fitness_mean,fitness_std
0,14.499786142219573,-4.126772134701738,4.594385285106386
1,22.20016449199281,-4.967088620945484,5.171491995467554
2,15.688643156096312,-2.5127310901618927,6.321061235258833
3,19.86193919862743,-3.2412379726521823,5.44207814631741
4,21.125950656482516,-4.210563157796675,5.131777704567993
