generation,best_score,fitness_mean,fitness_std
0,14.499786142219573,-4.126772134701738,4.594385285106386
