generation,best_score,fitness_mean,fitness_std
0,20.062252958859702,-2.8213389630883148,7.291826962928025
1,37.56276495084984,9.841229491098968,13.485425861806002
