generation,best_score,fitness_mean,fitness_std
0,42.26166858579344,-1.7055583505867205,8.621755842209144
1,48.635799222905504,-5.607395489591701,6.647055346264783
