generation,best_score,fitness_mean,fitness_std
0,22.18781564462758,-2.634213116126,6.92603501327312
1,29.98873282559584,-1.8616135170040409,7.731196939619019
