generation,best_score,fitness_mean,fitness_std
0,21.956574883080755,-3.195004130449851,7.108238905300538
1,39.75297592783952,12.02534328536292,10.944117595152305
