generation,best_score,fitness_mean,fitness_std
0,20.111305406670667,-1.984225300951902,7.470885780264188
1,23.901283156173598,0.295242798538115,8.00508953307615
2,33.912639273768804,4.537908641782006,10.458611375229893
3,34.13768623858839,1.848136596780732,8.445364148843645
4,34.72876152487685,7.4197180122462,10.747688731906527
5,34.77818335399499,7.434754494283339,10.076890834409625
6,34.39163982611696,5.782714840727383,10.060695224379742
7,34.9275826213069,7.13358323914095,11.053136568710823
