generation,best_score,fitness_mean,fitness_std
0,5.48762012481216,-5.134653969638712,3.572515766544526
1,34.54842375529881,-2.0971766888948054,9.368168292771408
2,34.18281276778343,-1.027728226395961,9.805828342445421
3,57.1388930389954,0.782773373270711,16.317173615235486
4,34.54842375529881,3.656485112517191,11.133331810532452
5,21.779877331125554,-1.1529409236608685,7.857582048780422
6,30.472398311068883,1.691485931162895,7.063114081622334
7,16.654918030754466,-0.20219455999886654,6.604212491970327
