generation,best_score,fitness_mean,fitness_std
0,87.47921377653418,3.3797438834318076,23.964362226609634
1,88.58528862039819,16.55433992772358,29.195620757272515
