generation,best_score,fitness_mean,fitness_std
0,41.52566041676025,1.3670369749843487,10.994877915156978
1,34.48996254262801,4.5165226139140735,12.993347894770713
