generation,best_score,fitness_mean,fitness_std
0,20.16094992532463,-2.5983567240955465,6.98386218154968
1,19.307900434563727,0.18227535614222243,8.333399522946042
2,21.843691991048523,0.42944615071004116,7.8729913796011
3,33.00555509344571,4.230820597436371,11.080621911984766
4,52.031769651294866,3.4140445395755283,13.23355278511665
