generation,best_score,fitness_mean,fitness_std
0,87.30649699436174,-1.2374023866703925,14.141437479355096
1,87.80826519084712,-0.2228884979787537,16.663782702317167
