generation,best_score,fitness_mean,fitness_std
0,51.609870178792676,-0.10489461606277305,11.35680962169417
1,34.372087180422234,2.3608834370818257,10.530883886724201
2,65.33320361606016,7.668991639949276,16.75856859991982
3,28.832402585067783,6.178098521085684,10.633912920361334
4,34.54840104616191,7.88282271218402,12.279147494535204
5,51.530330167452625,10.071347179498309,14.734075416934859
6,46.17083957010197,6.802518899608037,14.165802028183844
7,55.91811867999337,10.4305537577697,14.814403843250703
