generation,best_score,fitness_mean,fitness_std
0,5.6953322053619715,-5.209119711856588,2.878307608620013
1,38.29361869565081,1.0882524998134622,9.82873713737079
2,37.9697993668875,0.9997514332459537,9.458596570023202
3,45.45137725389455,1.923778604743393,11.43889831862977
4,41.87073696766099,3.0201522722913663,11.593412698080439
5,34.206024523124725,1.7247331908874945,9.398994073811
