generation,best_score,fitness_mean,fitness_std
0,21.77964417492168,-2.81498844181917,5.728865791636013
1,30.727000441436253,8.376782676484806,10.664041338120272
