generation,best_score,fitness_mean,fitness_std
0,88.21645558296868,2.0055825451863156,18.613343412655418
1,20.50171785052357,-4.627952662540161,5.716023439636795
