generation,best_score,fitness_mean,fitness_std
0,21.460189759754567,-3.800561587941776,5.531793976645049
