generation,best_score,fitness_mean,fitness_std
0,18.3359875130109,-4.664545222345281,3.83196877082333
