generation,best_score,fitness_mean,fitness_std
0,86.85842287072362,2.5161021695380663,19.651861298608107
1,85.6057761136424,-2.235411507597998,16.40150151228938
