generation,best_score,fitness_mean,fitness_std
0,12.620102646459543,-1.5901930198370853,6.480644751935554
1,30.566277996445763,-1.294020463148224,8.323578415802933
