generation,best_score,fitness_mean,fitness_std
0,57.21224472101788,-1.950967141695946,9.391734821894413
1,88.92869011792234,11.259953322597,24.371978667841645
