generation,best_score,fitness_mean,fitness_std
0,0.2634274413305828,-5.937479688285203,1.626685033092816
1,13.083658552286344,-1.1168450081644525,7.160582818515706
2,30.875667703216838,3.300882500863218,10.428645952052241
3,16.997510292572684,-0.5036982295561707,6.947569655469553
4,47.790965854401826,1.8899679016482858,11.6246068907775
5,5.729443168326739,-3.8323988225252466,3.9743584568789427
6,57.94021648654789,5.44955262525296,14.876949086487528
7,17.190039742621092,-1.3858943374542996,6.963002429804908
