generation,best_score,fitness_mean,fitness_std
0,56.70658072115352,-1.4732858504164035,9.417894388853357
1,56.69921420533676,5.69565514712476,11.69269907029457
