generation,best_score,fitness_mean,fitness_std
0,25.1486975509369,-4.590730014879399,4.76781819935989
