generation,best_score,fitness_mean,fitness_std
0,25.09247116213781,0.30941757255382263,9.21627055789226
1,37.53606694901473,-5.348790268371909,8.396203529702197
