generation,best_score,fitness_mean,fitness_std
0,88.80990021702647,10.037904018692846,30.0647703616871
1,88.80990021702647,30.27262911217243,36.30811142681122
2,89.88322890233346,50.15049774661191,34.92812044040658
3,91.46855887687,68.10580543014261,27.98255091207479
