generation,best_score,fitness_mean,fitness_std
0,23.998781882667338,-1.5930357941940345,7.900444877361294
