generation,best_score,fitness_mean,fitness_std
0,37.20014713502553,-1.069075652059522,9.683451859565231
1,26.703970676728748,0.05610660347544136,9.442979076504157
2,16.706263185749172,-1.8093001250660323,7.223131008900249
3,33.98421155897614,1.5098898355994899,10.426823909268357
4,14.819860427807303,0.5191528908820698,6.400865544162265
5,28.07248211822873,7.202376814740775,10.018477894812975
6,34.639967606689,30.7603316965426,5.545747395069214
7,34.81706730013488,20.336459817235884,14.256894960027873
