generation,best_score,fitness_mean,fitness_std
0,34.582612144107614,0.7223739759647085,10.10564065497073
1,34.56954959420014,3.6539995504840044,10.717075426122976
