generation,best_score,fitness_mean,fitness_std
0,21.07307397402959,-3.155122771243961,5.868841691531462
1,30.888012211643456,6.944230489366937,10.341245493182543
