generation,best_score,fitness_mean,fitness_std
0,66.16226955283406,0.21049790277846314,11.734577601103123
