generation,best_score,fitness_mean,fitness_std
0,91.77237888630937,12.250793811740625,31.673223646237144
1,91.77237888630937,47.43389873039579,29.283293130743683
2,92.32700044143624,64.25135685624046,25.685052466543237
3,92.32700044143624,73.81078208001156,23.724345943941813
