generation,best_score,fitness_mean,fitness_std
0,19.052244721017885,-1.9374397351521544,6.606288871809173
1,56.98140678550377,4.397788578871431,15.54426521554983
