generation,best_score,fitness_mean,fitness_std
0,23.328557867711716,-3.3691899113309707,6.493586718219115
1,29.187600346654975,1.9860998901179279,12.419044139009044
2,23.27297851054363,6.955496822509173,10.412720359563995
3,39.91157744370743,8.863412710772883,11.744823506469432
4,42.07050719060494,11.7596511429098,13.506191718759544
5,34.40650812580377,7.27749582641469,11.475555011431151
6,30.85643949149745,5.821761848797583,12.081294770640676
7,17.13141847792283,2.064292291239954,7.51172093656392
